{"carType":"2x","vertices":[[0.9805024993,0.7765997837,2.030746343],[-0.9805024993,0.7765997837,2.030746343],[-0.9805024993,-0.7765997837,2.030746343],[0.9805024993,-0.7765997837,2.030746343],[0.9805024993,0.7765997837,-2.030746343],[-0.9805024993,0.7765997837,-2.030746343],[-0.9805024993,-0.7765997837,-2.030746343],[0.9805024993,-0.7765997837,-2.030746343]],"faces":[[2,1,4],[2,3,4],[5,6,7],[5,8,7],[4,1,5],[4,8,5],[3,2,6],[3,7,6]]}