{"carType":"SUV","vertices":[[1.0463871565,0.8691205857,2.3416251353],[-1.0463871565,0.8691205857,2.3416251353],[-1.0463871565,-0.8691205857,2.3416251353],[1.0463871565,-0.8691205857,2.3416251353],[1.0463871565,0.8691205857,-2.3416251353],[-1.0463871565,0.8691205857,-2.3416251353],[-1.0463871565,-0.8691205857,-2.3416251353],[1.0463871565,-0.8691205857,-2.3416251353]],"faces":[[2,1,4],[2,3,4],[5,6,7],[5,8,7],[4,1,5],[4,8,5],[3,2,6],[3,7,6]]}