{"carType":"3x","vertices":[[1.0190089073,0.7449712107,2.4062078107],[-1.0190089073,0.7449712107,2.4062078107],[-1.0190089073,-0.7449712107,2.4062078107],[1.0190089073,-0.7449712107,2.4062078107],[1.0190089073,0.7449712107,-2.4062078107],[-1.0190089073,0.7449712107,-2.4062078107],[-1.0190089073,-0.7449712107,-2.4062078107],[1.0190089073,-0.7449712107,-2.4062078107]],"faces":[[2,1,4],[2,3,4],[5,6,7],[5,8,7],[4,1,5],[4,8,5],[3,2,6],[3,7,6]]}