ZbyX_GroupNo,Xspan,Yspan,Zspan,XbyY,XbyZ,YbyX,YbyZ,ZbyX,ZbyY,Xmin,Xmax,Ymin,Ymax,Zmin,Zmax,countVertices,countFaces
1,1.968843676,1.5772156379999998,3.784159484,1.2543141648590488,0.521443898243832,0.8029096623726779,0.41819865180375937,1.9200472271528137,2.4059186817791605,-0.984421838,0.984421838,-0.7886078189999999,0.7886078189999999,-1.892079742,1.892079742,3628.0,4999.4
2,2.0807108800000007,1.6546396720000003,4.496462123428572,1.2613399613235208,0.46350822226644856,0.7958301238150113,0.36878851092086173,2.1595934880377357,2.723461330347414,-1.0403554400000004,1.0403554400000004,-0.8273198360000001,0.8273198360000001,-2.248231061714286,2.248231061714286,3936.714285714286,4999.571428571428
3,2.026688125128205,1.5717435710256409,4.826369138205128,1.297910847224967,0.41997237831208367,0.7788419502777058,0.32635735956180506,2.3860995529615012,3.09027273113511,-1.0133440625641026,1.0133440625641026,-0.7858717855128204,0.7858717855128204,-2.413184569102564,2.413184569102564,3828.974358974359,4999.538461538462
