carType,ZbyX_GroupNo,Xspan,Yspan,Zspan,XbyY,XbyZ,YbyX,YbyZ,ZbyX,ZbyY,Xmin,Xmax,Ymin,Ymax,Zmin,Zmax,countVertices,countFaces
2x,1.8666666666666667,1.9610049986666667,1.5531995673333334,4.061492685999999,1.2690053415629419,0.4855484745212262,0.7927405195533553,0.38444138639684705,2.071479711762922,2.6252121674734417,-0.9805024993333333,0.9805024993333333,-0.7765997836666667,0.7765997836666667,-2.0307463429999997,2.0307463429999997,3748.5333333333333,4999.533333333334
3x,2.8666666666666667,2.038017814666667,1.4899424213333332,4.812415621333332,1.3678937514224712,0.4235474070827258,0.7337797938323933,0.3102972824209449,2.365155295476483,3.23029439244664,-1.0190089073333335,1.0190089073333335,-0.7449712106666666,0.7449712106666666,-2.406207810666666,2.406207810666666,3712.1,4999.533333333334
SUV,2.2941176470588234,2.092774312941177,1.7382411714705883,4.683250270588236,1.2048558778315854,0.44762590277694003,0.833498149939623,0.37208790869347935,2.2416775365248545,2.693657711759522,-1.0463871564705884,1.0463871564705884,-0.8691205857352942,0.8691205857352942,-2.341625135294118,2.341625135294118,4048.9411764705883,4999.558823529412
